{
  "1": 0.103431,
  "2": -0.325658,
  "3": -3.335147,
  "4": -1.482831,
  "5": 0.027689,
  "6": -1.727699,
  "7": 0.23181,
  "8": 0.027326,
  "9": -0.422932,
  "10": -1.135189,
  "11": 0.043374,
  "12": 0.058586,
  "13": -0.31576,
  "14": -1.34674,
  "15": -0.131561,
  "16": -0.73854,
  "17": -0.292136,
  "18": -0.20567,
  "19": -0.499511,
  "20": -0.626826,
  "21": -1.085552,
  "22": -0.924273,
  "23": -2.922647,
  "24": -0.095654,
  "25": -0.029541,
  "26": -0.472372,
  "27": -0.189593,
  "28": 0.085395,
  "29": -1.08615,
  "30": -0.55711,
  "31": -0.110825,
  "32": 0.290139,
  "33": -0.369553,
  "34": -0.112227,
  "35": 0.378623,
  "36": 0.54579,
  "37": -0.241916,
  "38": -0.015983,
  "39": -0.555084,
  "40": -0.102775,
  "41": -1.742906,
  "42": -0.412204,
  "43": -2.989257,
  "44": -0.426031,
  "45": -0.027764,
  "46": -0.286422,
  "47": -0.724233,
  "48": -2.204214,
  "49": -0.11508,
  "50": -1.010628,
  "51": -0.03251,
  "52": -0.122128
}